{"stats":{"minecraft:killed":{"minecraft:zombie":1,"naturalist:butterfly":1},"minecraft:custom":{"minecraft:time_since_rest":3629,"minecraft:open_chest":4,"minecraft:crouch_one_cm":706,"minecraft:damage_taken":849,"minecraft:sprint_one_cm":91350,"minecraft:play_time":26931,"minecraft:deaths":2,"minecraft:walk_one_cm":32423,"minecraft:sneak_time":368,"minecraft:walk_under_water_one_cm":1218,"minecraft:mob_kills":2,"minecraft:jump":435,"minecraft:damage_dealt":324,"minecraft:leave_game":1,"minecraft:walk_on_water_one_cm":1758,"minecraft:time_since_death":3561,"minecraft:total_world_time":26931,"minecraft:talked_to_villager":6,"minecraft:fall_one_cm":13241,"minecraft:fly_one_cm":196943},"minecraft:mined":{"minecraft:hay_block":25,"minecraft:grass":14,"minecraft:oak_log":2,"naturalist:duckweed":4,"minecraft:sunflower":1,"dynamictrees:oak_sapling":1,"minecraft:tall_grass":11},"minecraft:used":{"minecraft:stone_axe":4,"minecraft:bread":5,"dynamictrees:oak_seed":4},"minecraft:picked_up":{"minecraft:item_frame":1,"minecraft:stick":13,"minecraft:hay_block":25,"minecraft:oak_log":8,"dynamictrees:oak_seed":1,"minecraft:iron_pickaxe":1,"minecraft:lantern":1}},"DataVersion":3465}