{"stats":{"minecraft:used":{"minecraft:wheat_seeds":29,"minecraft:armor_stand":1,"minecraft:redstone":2,"minecraft:iron_sword":13,"minecraft:redstone_block":1,"dynamictrees:oak_seed":4,"minecraft:comparator":2,"minecraft:wheat":27,"minecraft:carrot":15,"ecologics:seashell":1,"minecraft:chicken":1,"minecraft:bread":21,"minecraft:iron_pickaxe":60,"minecraft:golden_leggings":1,"minecraft:stone_axe":5,"minecraft:coal_block":16,"minecraft:cobblestone":8,"minecraft:potato":5,"farmersdelight:tomato_seeds":6,"minecraft:bone_meal":3},"minecraft:dropped":{"minecraft:experience_bottle":1,"minecraft:stripped_oak_log":1,"minecraft:string":1,"minecraft:black_wool":1,"minecraft:egg":1},"minecraft:custom":{"minecraft:interact_with_furnace":10,"minecraft:mob_kills":6,"minecraft:interact_with_anvil":1,"minecraft:open_barrel":3,"minecraft:interact_with_campfire":3,"minecraft:leave_game":4,"minecraft:time_since_death":64431,"minecraft:sleep_in_bed":4,"minecraft:climb_one_cm":2493,"minecraft:time_since_rest":17314,"minecraft:sprint_one_cm":234037,"minecraft:damage_taken":1517,"minecraft:walk_one_cm":87740,"minecraft:drop":5,"minecraft:damage_dealt":964,"minecraft:talked_to_villager":7,"minecraft:fly_one_cm":589360,"minecraft:open_chest":15,"minecraft:crouch_one_cm":1983,"minecraft:play_time":87801,"minecraft:deaths":2,"minecraft:sneak_time":1547,"minecraft:walk_under_water_one_cm":1218,"minecraft:jump":1227,"minecraft:walk_on_water_one_cm":2612,"minecraft:interact_with_smoker":4,"minecraft:total_world_time":87801,"minecraft:fall_one_cm":43892},"minecraft:picked_up":{"minecraft:stripped_oak_log":1,"minecraft:wheat":28,"minecraft:feather":1,"minecraft:redstone_block":2,"minecraft:chicken":1,"minecraft:golden_leggings":3,"ecologics:seashell":7,"minecraft:potato":12,"minecraft:oak_log":13,"farmersdelight:tomato":1,"minecraft:string":1,"minecraft:lantern":3,"minecraft:item_frame":2,"minecraft:armor_stand":4,"minecraft:experience_bottle":1,"minecraft:wheat_seeds":79,"minecraft:comparator":2,"dynamictrees:oak_seed":3,"minecraft:iron_pickaxe":1,"minecraft:coal_block":32,"minecraft:iron_sword":1,"minecraft:egg":1,"minecraft:golden_helmet":4,"minecraft:stick":22,"farmersdelight:tomato_seeds":5,"minecraft:carrot":15,"minecraft:redstone":2,"minecraft:hay_block":25,"minecraft:bone_meal":3,"minecraft:cobblestone":18},"minecraft:mined":{"minecraft:redstone_block":2,"minecraft:comparator":2,"minecraft:redstone_wire":2,"minecraft:tall_grass":17,"minecraft:coal_block":32,"farmersdelight:budding_tomatoes":5,"minecraft:hay_block":25,"minecraft:carrots":6,"naturalist:duckweed":4,"ecologics:seashell":7,"minecraft:wheat":28,"minecraft:grass":20,"minecraft:potatoes":3,"minecraft:oak_log":2,"minecraft:sunflower":1,"minecraft:cobweb":1,"dynamictrees:oak_sapling":1,"minecraft:stone":18},"minecraft:killed":{"naturalist:butterfly":1,"minecraft:zombie":4,"minecraft:chicken":1}},"DataVersion":3465}