{"stats":{"minecraft:killed":{"minecraft:zombie":1,"naturalist:butterfly":1},"minecraft:custom":{"minecraft:time_since_rest":3472,"minecraft:interact_with_furnace":7,"minecraft:sprint_one_cm":125887,"minecraft:damage_taken":919,"minecraft:walk_one_cm":46383,"minecraft:mob_kills":2,"minecraft:damage_dealt":324,"minecraft:talked_to_villager":6,"minecraft:fly_one_cm":223909,"minecraft:open_chest":7,"minecraft:crouch_one_cm":1496,"minecraft:play_time":38931,"minecraft:interact_with_campfire":3,"minecraft:deaths":2,"minecraft:sneak_time":788,"minecraft:walk_under_water_one_cm":1218,"minecraft:jump":576,"minecraft:leave_game":1,"minecraft:time_since_death":15561,"minecraft:walk_on_water_one_cm":1758,"minecraft:sleep_in_bed":1,"minecraft:interact_with_smoker":4,"minecraft:total_world_time":38931,"minecraft:climb_one_cm":1404,"minecraft:fall_one_cm":17073},"minecraft:mined":{"minecraft:hay_block":25,"minecraft:redstone_block":2,"naturalist:duckweed":4,"minecraft:comparator":2,"minecraft:grass":16,"minecraft:oak_log":2,"minecraft:sunflower":1,"minecraft:redstone_wire":2,"minecraft:cobweb":1,"minecraft:coal_block":32,"dynamictrees:oak_sapling":1,"minecraft:tall_grass":11},"minecraft:used":{"minecraft:armor_stand":1,"minecraft:bread":8,"minecraft:redstone":2,"minecraft:iron_pickaxe":36,"minecraft:iron_sword":2,"minecraft:redstone_block":1,"dynamictrees:oak_seed":4,"minecraft:golden_leggings":1,"minecraft:stone_axe":4,"minecraft:coal_block":16,"minecraft:comparator":2},"minecraft:picked_up":{"minecraft:golden_helmet":4,"minecraft:stick":13,"minecraft:redstone_block":2,"minecraft:golden_leggings":3,"minecraft:oak_log":8,"minecraft:redstone":2,"minecraft:string":1,"minecraft:lantern":3,"minecraft:armor_stand":4,"minecraft:item_frame":1,"minecraft:comparator":2,"minecraft:hay_block":25,"dynamictrees:oak_seed":1,"minecraft:iron_pickaxe":1,"minecraft:coal_block":32,"minecraft:iron_sword":1}},"DataVersion":3465}