{"stats":{"minecraft:killed":{"minecraft:zombie":1,"minecraft:chicken":1,"naturalist:butterfly":1},"minecraft:custom":{"minecraft:time_since_rest":15472,"minecraft:interact_with_furnace":10,"minecraft:sprint_one_cm":161449,"minecraft:damage_taken":1239,"minecraft:walk_one_cm":66637,"minecraft:interact_with_anvil":1,"minecraft:mob_kills":3,"minecraft:damage_dealt":364,"minecraft:talked_to_villager":6,"minecraft:fly_one_cm":451669,"minecraft:open_barrel":3,"minecraft:open_chest":11,"minecraft:crouch_one_cm":1852,"minecraft:play_time":50931,"minecraft:interact_with_campfire":3,"minecraft:deaths":2,"minecraft:sneak_time":1426,"minecraft:walk_under_water_one_cm":1218,"minecraft:jump":755,"minecraft:leave_game":1,"minecraft:time_since_death":27561,"minecraft:walk_on_water_one_cm":2612,"minecraft:sleep_in_bed":1,"minecraft:interact_with_smoker":4,"minecraft:total_world_time":50931,"minecraft:climb_one_cm":1920,"minecraft:fall_one_cm":27085},"minecraft:mined":{"minecraft:hay_block":25,"minecraft:redstone_block":2,"minecraft:carrots":6,"naturalist:duckweed":4,"minecraft:comparator":2,"minecraft:wheat":10,"minecraft:grass":16,"minecraft:potatoes":3,"minecraft:oak_log":2,"minecraft:sunflower":1,"minecraft:redstone_wire":2,"minecraft:cobweb":1,"minecraft:coal_block":32,"dynamictrees:oak_sapling":1,"minecraft:tall_grass":11},"minecraft:used":{"minecraft:armor_stand":1,"minecraft:bread":14,"minecraft:redstone":2,"minecraft:iron_pickaxe":36,"minecraft:iron_sword":3,"minecraft:redstone_block":1,"dynamictrees:oak_seed":4,"minecraft:golden_leggings":1,"minecraft:stone_axe":5,"minecraft:coal_block":16,"minecraft:comparator":2,"minecraft:carrot":1,"farmersdelight:tomato_seeds":5},"minecraft:picked_up":{"minecraft:stripped_oak_log":1,"minecraft:golden_helmet":4,"minecraft:stick":22,"minecraft:feather":1,"minecraft:wheat":10,"minecraft:redstone_block":2,"minecraft:chicken":1,"minecraft:golden_leggings":3,"minecraft:potato":12,"minecraft:oak_log":13,"minecraft:carrot":15,"minecraft:redstone":2,"minecraft:string":1,"minecraft:lantern":3,"minecraft:armor_stand":4,"minecraft:item_frame":2,"minecraft:experience_bottle":1,"minecraft:wheat_seeds":31,"minecraft:comparator":2,"minecraft:hay_block":25,"dynamictrees:oak_seed":3,"minecraft:iron_pickaxe":1,"minecraft:coal_block":32,"minecraft:iron_sword":1,"minecraft:egg":1}},"DataVersion":3465}